Item,Frequency
"サイト",2714191
"サイズ",2335959
"ゲーム",2218381
"メール",1823604
"サービス",1801686
"ブログ",1791612
"ページ",1762357
"テレビ",1685618
"システム",1610239
"デザイン",1537834
"カード",1525958
"セット",1522438
"タイプ",1515128
"アメリカ",1480633
"レベル",1458426
"ポイント",1424610
"アップ",1424269
"ファン",1421614
"ネット",1392384
"コメント",1310828
"ホテル",1309344
"データ",1308462
"イベント",1291860
"キャラ",1253162
"バス",1233395
"シリーズ",1210890
"チーム",1200578
"イメージ",1195455
"カラー",1152372
"ライン",1146754
"センター",1135178
"モデル",1116619
"ホーム",1094592
"ソフト",1084742
"シーン",1080426
"メーカー",1065246
"アニメ",1063671
"ダメ",997852
"ライブ",977966
"メンバー",952536
"チェック",923909
"プロ",914401
"トップ",912463
"ドラマ",905575
"ケース",894695
"コース",892117
"スレ",882669
"ワン",867969
"グループ",860212
"スポーツ",837820
"カメラ",829319
"バック",829108
"スタッフ",829054
"ニュース",824293
"ボール",820409
"パソコン",808797
"ファイル",800091
"ブランド",799934
"パン",790745
"クラス",790289
"キー",782873
"マン",778703
"イン",778429
"プレイ",769633
"テーマ",768937
"ビジネス",761012
"オ",759428
"リンク",744491
"スタイル",741344
"タイトル",737238
"ノ",735268
"タイム",725557
"オン",718626
"メイン",706695
"ネタ",702127
"ショップ",698063
"ホント",696233
"ブラック",690771
"アルバム",690263
"アイテム",684196
"フランス",675292
"スーパー",662998
"クラブ",651646
"プレゼント",646249
"スタート",640590
"レース",639198
"オリジナル",638443
"バッグ",633910
"エネルギー",632611
"バランス",627102
"バカ",624523
"ドル",622160
"パワー",620661
"バンド",619390
"サポート",615060
"ワイン",614519
"ママ",612294
"レビュー",606826
"インターネット",598932
"ハイ",598831
"エロ",597950
"シャツ",596532
"ロック",596365
"カット",593456
"ベスト",590639
"プログラム",582572
"モノ",580768
"ベース",577476
"ツアー",576117
"ダイエット",572709
"サッカー",571636
"テスト",571255
"ライト",568955
"メニュー",567977
"ビデオ",567524
"ボタン",565711
"ドイツ",561609
"フリー",560687
"ピンク",559058
"フル",552885
"ブルー",544574
"メディア",544480
"ッ",542382
"コード",540055
"クリック",530091
"オレ",526478
"ユーザー",526478
"アクセス",524290
"モード",523642
"リアル",523305
"オープン",520387
"ステージ",511597
"ストーリー",509868
"カップ",509838
"クリスマス",508013
"ススメ",505692
"トイレ",505672
"クリーム",501094
"アジア",500135
"サン",497588
"エンジン",494971
"ケーキ",492937
"クリア",492320
"カバー",489148
"マジ",487291
"ホワイト",486700
"ガス",485240
"ケア",484184
"ン",479949
"ス",477469
"ル",477122
"コーヒー",471476
"シンプル",469895
"マンション",468320
"シート",468210
"ア",467545
"キャラクター",465539
"バイト",464603
"ダンス",464556
"コーナー",464310
"ビル",463028
"メッセージ",462283
"ギター",460969
"コスト",460822
"ホール",459551
"ランキング",457077
"キロ",455098
"シーズン",455052
"タイ",454984
"デジタル",453245
"サイド",447252
"スペース",446514
"カー",444329
"ストレス",442221
"スピード",440845
"ポケット",439692
"テーブル",438489
"ジャンル",437943
"ピアノ",436998
"マッサージ",435191
"オフ",434080
"バイク",433812
"ガラス",433572
"エリア",433112
"ベッド",432915
"パターン",432639
"イタリア",430157
"ペット",426080
"ビール",425405
"ラーメン",424593
"ソース",423334
"ガン",421187
"リスト",420133
"ネットワーク",416816
"パンツ",415969
"コレ",415378
"ヽ",414777
"プロジェクト",414151
"イイ",413886
"ラジオ",412905
"マイ",412008
"オイル",410944
"レス",410396
"コ",404333
"ハウス",402023
"ワード",400406
"ミニ",400017
"ゴルフ",398693
"ドア",397680
"カッコ",397222
"ヒット",397036
"マーク",396364
"スター",393192
"リスク",393009
"バージョン",391733
"ボディ",391487
"プラス",386086
"グリーン",385745
"スキル",385501
"トラック",385248
"カレー",384223
"バー",383699
"レストラン",381408
"アイ",380563
"リーグ",379706
"ソロ",374711
"ショー",374598
"ミス",374386
"アイドル",374242
"デビュー",373071
"タイミング",372785
"ルール",372396
"ファッション",370727
"チャンス",370603
"ダウン",368912
"パック",367936
"チケット",365745
"コート",364764
"プラン",363990
"イギリス",363761
"リ",363304
"インド",362701
"アレ",362525
"パス",362369
"コンサート",360948
"コピー",360853
"パーツ",358939
"ニ",358844
"リング",358827
"ツール",358446
"ラン",356109
"ザ",354161
"カフェ",351420
"グッズ",346925
"ラスト",346914
"ノート",345203
"ルート",344779
"リリース",343565
"ゴール",340738
"ガイド",339961
"ハード",338730
"ピース",338621
"カ",335243
"ヨーロッパ",334750
"ワールド",334036
"レンズ",332009
"テンション",331517
"ゼロ",330670
"レッド",327937
"コントロール",326822
"アーティスト",324853
"シングル",323574
"アウト",323039
"ベルト",322335
"アドバイス",321447
"ジャケット",320084
"ハ",319717
"ロシア",318257
"ローン",317895
"タ",317197
"キ",317151
"ダメージ",316704
"イラスト",315587
"ロング",315227
"トレーニング",315133
"リーダー",313113
"メートル",312782
"キス",312689
"スープ",312424
"ショック",311908
"ゴム",309987
"コンテンツ",309138
"ゲスト",308001
"マスター",306337
"ペース",306074
"ログ",305525
"センチ",304684
"サーバー",303677
"トラブル",303072
"ダウンロード",301768
"ドライブ",301710
"パパ",300678
"タッチ",300611
"レッスン",300462
"ケーブル",300038
"インタビュー",299701
"ショッピング",299551
"ラブ",298300
"ハート",298273
"アイス",296618
"デ",296285
"オール",296103
"アクション",296088
"マシン",294853
"ダブル",294103
"パーティー",293784
"オレンジ",293440
"ボックス",291377
"ナ",291127
"アン",290560
"ペン",289741
"ショート",288018
"アホ",287425
"インストール",286961
"シルバー",286715
"ルーム",285988
"スーツ",285978
"プリント",285971
"キレイ",285458
"サウンド",285077
"マスコミ",284540
"アドレス",284507
"キャンペーン",284471
"チーズ",283732
"レンタル",283051
"トーク",282799
"アート",282467
"フロント",282305
"ブロック",281092
"サンプル",280858
"セックス",280854
"レポート",279987
"ヤツ",279239
"エコ",278254
"ジャンプ",278240
"ロード",278025
"ニュー",277846
"ドレス",276969
"サイン",275996
"コミュニケーション",274868
"ランチ",274042
"ガ",273864
"クロス",273771
"フード",273734
"ヘッド",273005
"ピン",271465
"スクール",270084
"メイク",268638
"フレーム",268568
"クール",267931
"タグ",267872
"セミナー",267289
"パッケージ",266175
"テープ",266149
"チョコ",265992
"リズム",265693
"メモ",264271
"ゴミ",264063
"ワーク",263886
"スペイン",262591
"ボク",262459
"スキー",262377
"ランク",262189
"パネル",261476
"コン",260573
"プレー",260008
"スポンサー",259981
"ミ",259755
"ビックリ",259528
"コンビニ",259246
"アプリ",258787
"フジ",258366
"チャン",258228
"ボード",258122
"ゴールド",258040
"パフォーマンス",257845
"ライフ",256839
"タイヤ",256713
"スタンド",255869
"ウェブ",254947
"スカート",253149
"ゲット",253146
"ユニット",253018
"サークル",251881
"スタジオ",251112
"ウチ",250757
"ブーツ",250647
"チ",250140
"タオル",250133
"スイッチ",249638
"イ",249465
"パート",249396
"トマト",248901
"キッチン",248133
"カウンター",247418
"ビタミン",247157
"メリット",246730
"ネ",246466
"レイ",245798
"マップ",245792
"マイナス",244996
"テキスト",243785
"セール",243738
"センス",243540
"プレイヤー",242445
"デッキ",242276
"マンガ",242154
"アプリケーション",240708
"オプション",240547
"コンピュータ",240425
"チェーン",239151
"メンズ",238814
"ボス",238495
"ショット",237712
"レシピ",237444
"オフィス",236410
"ココ",236315
"プール",236226
"シー",235221
"タクシー",235043
"ステップ",234779
"ド",234025
"サーバ",233856
"サロン",233037
"ヒロイン",232351
"ナンバー",231576
"マ",231179
"キャンプ",230981
"ソフトウェア",230330
"リア",229776
"モンスター",229510
"ディスク",229354
"ト",229138
"ランド",228316
"ギフト",228165
"スペシャル",227813
"ヘア",227618
"ボトル",227602
"バッテリー",227404
"ジャパン",227176
"バトル",225195
"ブラウン",224972
"アレンジ",224343
"クレジット",224187
"カラオケ",224088
"ノー",223812
"レディース",222407
"ベビー",221359
"ナイト",221266
"パリ",220969
"ウエスト",220764
"デモ",220684
"ヤ",220424
"ライダー",220066
"オーナー",219298
"メモリ",218964
"スマート",218710
"コンパクト",217832
"イオン",217465
"キャリア",217168
"リード",216968
"アピール",216473
"ドキドキ",216272
"キャスト",215510
"ボランティア",215170
"アダルト",214760
"マット",214643
"ウ",214626
"プロセス",214531
"デス",213971
"エンド",213944
"エステ",213855
"インチ",213235
"レザー",213135
"オーストラリア",212981
"アンチ",212752
"ドラゴン",212584
"サラダ",212535
"シナリオ",212456
"スポット",212240
"アリ",212120
"スケジュール",211759
"コーチ",210669
"ロゴ",209948
"テ",209277
"コア",209028
"モニター",208814
"コト",208583
"ポケモン",208500
"ターン",207774
"マスク",207642
"エア",207638
"アルバイト",207571
"ロー",207434
"スルー",206392
"パーク",206381
"ミルク",206141
"フォーム",205565
"マルチ",205223
"リボン",204767
"デート",204464
"モン",204086
"セリフ",203911
"テニス",203424
"マイク",202643
"バラ",202563
"タバコ",202438
"ベル",201827
"リン",201562
"ボリューム",201298
"オーダー",200532
"ロール",200226
"ブーム",200153
"コレクション",199538
"ドライバー",198714
"エピソード",198638
"サブ",198212
"モバイル",198170
"エ",198112
"ロボット",197633
"グラス",197303
"チャレンジ",197260
"ポジション",197114
"シャワー",196757
"ポリエステル",196696
"フィルム",196288
"グレー",195836
"バンク",195114
"マッチ",193834
"トン",193648
"ポーズ",193564
"セキュリティ",193480
"タンク",192775
"マニュアル",192764
"マウス",192731
"メイド",192532
"コンセプト",192313
"キング",192206
"ジュース",191761
"ティー",191458
"アクセサリー",191097
"アルコール",191061
"ジャズ",190930
"ポスト",190736
"ハワイ",190437
"キリスト",190058
"ニューヨーク",189265
"トヨタ",189139
"ドーム",189128
"ナチュラル",189040
"ビッグ",188961
"ストラップ",188645
"ソウル",188438
"インテリア",188374
"シューズ",188340
"チョコレート",188288
"データベース",188236
"ストレート",187521
"ガンダム",187355
"イヤ",186886
"オーバー",185470
"ドラム",185450
"チャンネル",184923
"ブック",184849
"ウイルス",184774
"レコード",184336
"チップ",183863
"モ",182980
"クラシック",182837
"パーティ",182803
"コンビ",182302
"エキス",181317
"コール",181307
"キット",181072
"オークション",180814
"ハンドル",180436
"パチンコ",180211
"ジョン",179560
"カップル",179521
"チャット",178773
"フィールド",178605
"ローズ",177901
"クリニック",177872
"ガード",177821
"セル",177201
"ミリ",176506
"シャンプー",175962
"マス",175816
"ギリギリ",175763
"キーボード",175599
"メガネ",175473
"ホルモン",175397
"シン",175291
"マシ",175166
"イケメン",175072
"アンケート",175022
"レア",174836
"レンジ",174627
"スクリーン",174488
"アレルギー",174411
"ステ",174143
"メジャー",174036
"ポスター",173676
"アル",173299
"カナダ",173280
"ダム",173101
"マラソン",172896
"アパート",172555
"ホット",172167
"ブレーキ",171909
"マイクロ",171656
"ダーク",171480
"ブラシ",171093
"プロフィール",170913
"プチ",170640
"カロリー",170348
"ニーズ",170223
"スムーズ",169890
"ノリ",169349
"ディズニー",169241
"プレート",169139
"レーザー",168862
"オブ",168609
"フィギュア",168603
"エッチ",168492
"リビング",168403
"ナビ",168201
"カン",167601
"フォン",167479
"ダ",167409
"ロンドン",166790
"パートナー",166411
"ストーン",166199
"ソング",166148
"ボーナス",165954
"プレ",165864
"カテゴリ",165776
"ブラジル",165404
"シール",165240
"ユーロ",165203
"エアコン",165144
"ツボ",165097
"エラー",164805
"マーケティング",164777
"リラックス",164409
"テクニック",164170
"ローマ",163999
"スピーカー",163954
"ドライ",163887
"オナニー",163806
"マジック",163614
"カジュアル",163545
"ビーチ",163099
"ゲー",163004
"ハム",162999
"タワー",162986
"ヒト",162984
"シ",162928
"ケ",162871
"ランプ",162689
"ファミリー",162574
"ニット",162538
"クライアント",162467
"ユ",162213
"デザイナー",162040
"アイデア",161826
"インパクト",161785
"ソ",161253
"エントリー",161039
"カタログ",160912
"ドリンク",160757
"ガソリン",160481
"フルーツ",160408
"リゾート",160379
"ク",159974
"シティ",159741
"ミュージック",159649
"スペック",159527
"ポップ",159227
"ベンチ",159203
"コチラ",159124
"エル",158734
"メタル",158021
"オシャレ",157965
"ポール",157715
"バスト",157649
"ネックレス",157090
"ブラ",157015
"インフルエンザ",156507
"カレンダー",156462
"キュート",156245
"ロス",155904
"ヒーロー",155672
"ツ",155665
"セクシー",155327
"タレント",155017
"ハーフ",154788
"オート",154772
"ハーブ",154304
"ケータイ",154168
"ペア",154093
"ロ",153635
"オリンピック",153566
"ゴーシュ",153487
"ターゲット",153314
"アナ",153306
"ブ",153254
"フラワー",153172
"アナル",153124
"ジャック",152737
"サ",152619
"パスタ",152616
"テロ",152534
"タウン",152371
"フィット",152363
"ユーザ",152153
"ジム",152140
"ベトナム",152071
"キラキラ",151802
"ドン",151454
"シュート",151428
"スッキリ",151425
"キャッチ",151043
"ツー",150751
"ソニー",150527
"マーケット",150441
"モチーフ",150404
"ジェット",150401
"ラッキー",150281
"ネーム",149868
"カテゴリー",149628
"キャップ",149552
"アナログ",149436
"ファースト",149361
"フォロー",148974
"ネック",148806
"イライラ",148804
"アプローチ",148510
"コットン",148437
"アフリカ",148305
"キャンセル",148295
"シルエット",148180
"アロマ",147727
"セッション",147701
"エース",147627
"ニコニコ",146887
"ノウハウ",146836
"ブラウザ",146497
"ミネラル",146358
"クソ",146151
"フラッシュ",145952
"フェラ",145675
"ステンレス",145548
"リクエスト",145520
"コマ",145496
"バイ",145209
"リフォーム",145205
"フィルター",144975
"バン",144673
"ラウンド",144564
"ワタシ",144557
"スキン",144549
"プライベート",144160
"ムービー",143703
"デザート",143449
"グルメ",143382
"バナナ",143311
"メ",143225
"ペーパー",142709
"ハッピー",142679
"テン",142626
"アンテナ",142494
"マナー",142243
"マニア",142110
"デー",141994
"ナイロン",141875
"ディスプレイ",141829
"ドラ",141824
"ハンド",141661
"フェイス",141584
"デジカメ",141398
"オーディオ",141218
"ワイド",141145
"シフト",141017
"リサイクル",140564
"ライバル",140332
"プラスチック",139888
"ゴールデン",139872
"レ",139819
"カーテン",139809
"レモン",139684
"ゾーン",139565
"グランド",139394
"コミック",139270
"バター",139253
"ネイル",139155
"コミュニティ",139152
"ガキ",139048
"メンテナンス",138936
"レギュラー",138742
"オランダ",138668
"コスプレ",138429
"バックアップ",138339
"グローバル",138290
"チキン",138191
"オタク",138159
"コマンド",138010
"コメ",137832
"アルミ",137801
"スパ",137622
"ストレッチ",137430
"ピッタリ",137402
"ギャグ",137298
"ライヴ",137147
"ム",137132
"ジュニア",136921
"ダイヤモンド",136704
"パッド",136489
"ステキ",136327
"レーベル",135887
"テンポ",135779
"トレード",135747
"ミラー",135645
"ガール",135176
"レポ",135112
"ギャラリー",135099
"ホスト",134969
"イカ",134908
"プレス",134813
"バトン",134738
"フォト",134619
"フェア",134600
"ジャン",134228
"クルマ",134181
"ミックス",133783
"ストップ",133367
"ガーデン",133358
"クッキー",133073
"ローカル",132997
"ワケ",132581
"ジ",132482
"ティ",132384
"クリ",132006
"インナー",131960
"イエロー",131900
"チェンジ",131356
"パール",131279
"イマイチ",131204
"ボケ",131162
"ドメイン",131084
"チャ",130796
"ピーク",130735
"ミッション",130722
"フライ",130614
"ラップ",130333
"デバイス",129769
"トンネル",129745
"オープニング",129106
"パイプ",128825
"キム",128700
"ケン",128543
"クエスト",128480
"ゲート",128441
"ウォーター",128436
"チョン",128246
"ネコ",128188
"ダン",127987
"インク",127813
"スコア",127800
"パイ",127737
"バリ",127037
"マガジン",126983
"ボート",126968
"ユー",126839
"ウルトラ",126783
"バブル",126642
"チラシ",126363
"アリス",126325
"スタンダード",126314
"コイン",126186
"プレーヤー",125855
"コツ",125716
"ヒール",125409
"ファンタジー",124987
"ヒップ",124879
"ジェル",124719
"ヨガ",124696
"キッズ",124597
"パ",124492
"リー",124138
"ピアス",124097
"コンタクト",124079
"ポート",123952
"サプリメント",123866
"プラグ",123841
"クリスタル",123643
"マリア",123214
"ギャル",123015
"ファスナー",122942
"デイ",122902
"ヒント",122872
"オーラ",122703
"アンプ",122580
"ハメ",122355
"プレミアム",122143
"メン",122064
"シェア",121924
"ヲタ",121831
"ショルダー",121743
"クッション",121612
"センサー",121571
"マル",121405
"デニム",121373
"スライド",121371
"オペラ",120945
"ナイフ",120723
"ボーカル",120430
"メダル",120429
"エンディング",120300
"コンクリート",120147
"アクセント",120136
"プリ",120004
"ウェア",119946
"フロア",119472
"モーター",119470
"フォルダ",119402
"ノーマル",119396
"イラク",119184
"ループ",118146
"トータル",118140
"レジ",118127
"ラック",117818
"ワクワク",117648
"マイケル",117514
"サイクル",117355
"ボイス",116618
"ドロップ",116559
"インプラント",116331
"マンコ",116077
"キック",116063
"マネジメント",115917
"ブース",115846
"コラボ",115754
"クロ",115649
"ヨ",115475
"スイス",115219
"スケール",114905
"ウッド",114786
"グリップ",114712
"レール",114710
"アップル",114659
"デスク",114424
"テント",114381
"ディ",114277
"パスワード",114188
"バレエ",114017
"パンチ",114011
"ギア",113814
"スカイ",113540
"バレ",113484
"キャッシュ",113427
"プロデューサー",113404
"カワイイ",113401
"アメリカン",113273
"ポ",113252
"ソン",113246
"モール",113187
"クオリティ",113167
"セカンド",113064
"ステーション",113004
"ドット",112472
"ソール",112241
"ヤバイ",111977
"アフィリエイト",111753
"ホルダー",111650
"プロデュース",111639
"グラフィック",111560
"ダイビング",111534
"トーン",111345
"ビニール",111323
"ツッコミ",111145
"ストリート",110990
"セブン",110870
"ベージュ",110645
"クイズ",110423
"ロープ",110398
"ウェイ",110245
"ボーイ",110232
